"code" ,"name"                                ,"flag"                                                                                                                                 ,"status"
"AFG"  ,"Afghanistan"                         ,"https://upload.wikimedia.org/wikipedia/commons/7/7a/Flag_of_Afghanistan_%282004%E2%80%932021%29.svg"                                  ,"active"
"ALB"  ,"Albania"                             ,"https://upload.wikimedia.org/wikipedia/commons/3/36/Flag_of_Albania.svg"                                                              ,"active"
"ALG"  ,"Algeria"                             ,"https://upload.wikimedia.org/wikipedia/commons/7/77/Flag_of_Algeria.svg"                                                              ,"active"
"ASA"  ,"American Samoa"                      ,"https://upload.wikimedia.org/wikipedia/commons/8/87/Flag_of_American_Samoa.svg"                                                       ,"active"
"AND"  ,"Andorra"                             ,"https://upload.wikimedia.org/wikipedia/commons/1/19/Flag_of_Andorra.svg"                                                              ,"active"
"ANG"  ,"Angola"                              ,"https://upload.wikimedia.org/wikipedia/commons/9/9d/Flag_of_Angola.svg"                                                               ,"active"
"ANT"  ,"Antigua and Barbuda"                 ,"https://upload.wikimedia.org/wikipedia/commons/8/89/Flag_of_Antigua_and_Barbuda.svg"                                                  ,"active"
"ARG"  ,"Argentina"                           ,"https://upload.wikimedia.org/wikipedia/commons/1/1a/Flag_of_Argentina.svg"                                                            ,"active"
"ARM"  ,"Armenia"                             ,"https://upload.wikimedia.org/wikipedia/commons/2/2f/Flag_of_Armenia.svg"                                                              ,"active"
"ARU"  ,"Aruba"                               ,"https://upload.wikimedia.org/wikipedia/commons/f/f6/Flag_of_Aruba.svg"                                                                ,"active"
"AUS"  ,"Australia"                           ,"https://upload.wikimedia.org/wikipedia/en/thumb/b/b9/Flag_of_Australia.svg/320px-Flag_of_Australia.svg.png"                           ,"active"
"AUT"  ,"Austria"                             ,"https://upload.wikimedia.org/wikipedia/commons/4/41/Flag_of_Austria.svg"                                                              ,"active"
"AZE"  ,"Azerbaijan"                          ,"https://upload.wikimedia.org/wikipedia/commons/d/dd/Flag_of_Azerbaijan.svg"                                                           ,"active"
"BAH"  ,"Bahamas"                             ,"https://upload.wikimedia.org/wikipedia/commons/9/93/Flag_of_the_Bahamas.svg"                                                          ,"active"
"BRN"  ,"Bahrain"                             ,"https://upload.wikimedia.org/wikipedia/commons/2/2c/Flag_of_Bahrain.svg"                                                              ,"active"
"BAN"  ,"Bangladesh"                          ,"https://upload.wikimedia.org/wikipedia/commons/f/f9/Flag_of_Bangladesh.svg"                                                           ,"active"
"BAR"  ,"Barbados"                            ,"https://upload.wikimedia.org/wikipedia/commons/e/ef/Flag_of_Barbados.svg"                                                             ,"active"
"BLR"  ,"Belarus"                             ,"https://upload.wikimedia.org/wikipedia/commons/8/85/Flag_of_Belarus.svg"                                                              ,"active"
"BEL"  ,"Belgium"                             ,"https://upload.wikimedia.org/wikipedia/commons/9/92/Flag_of_Belgium_%28civil%29.svg"                                                  ,"active"
"BIZ"  ,"Belize"                              ,"https://upload.wikimedia.org/wikipedia/commons/e/e7/Flag_of_Belize.svg"                                                               ,"active"
"BEN"  ,"Benin"                               ,"https://upload.wikimedia.org/wikipedia/commons/0/0a/Flag_of_Benin.svg"                                                                ,"active"
"BER"  ,"Bermuda"                             ,"https://upload.wikimedia.org/wikipedia/commons/b/bf/Flag_of_Bermuda.svg"                                                              ,"active"
"BHU"  ,"Bhutan"                              ,"https://upload.wikimedia.org/wikipedia/commons/9/91/Flag_of_Bhutan.svg"                                                               ,"active"
"BOL"  ,"Bolivia"                             ,"https://upload.wikimedia.org/wikipedia/commons/4/48/Flag_of_Bolivia.svg"                                                              ,"active"
"BIH"  ,"Bosnia and Herzegovina"              ,"https://upload.wikimedia.org/wikipedia/commons/b/bf/Flag_of_Bosnia_and_Herzegovina.svg"                                               ,"active"
"BOT"  ,"Botswana"                            ,"https://upload.wikimedia.org/wikipedia/commons/f/fa/Flag_of_Botswana.svg"                                                             ,"active"
"BRA"  ,"Brazil"                              ,"https://upload.wikimedia.org/wikipedia/en/thumb/0/05/Flag_of_Brazil.svg/320px-Flag_of_Brazil.svg.png"                                 ,"active"
"IVB"  ,"British Virgin Islands"              ,"https://upload.wikimedia.org/wikipedia/commons/4/42/Flag_of_the_British_Virgin_Islands.svg"                                           ,"active"
"BRU"  ,"Brunei"                              ,"https://upload.wikimedia.org/wikipedia/commons/9/9c/Flag_of_Brunei.svg"                                                               ,"active"
"BUL"  ,"Bulgaria"                            ,"https://upload.wikimedia.org/wikipedia/commons/9/9a/Flag_of_Bulgaria.svg"                                                             ,"active"
"BUR"  ,"Burkina Faso"                        ,"https://upload.wikimedia.org/wikipedia/commons/3/31/Flag_of_Burkina_Faso.svg"                                                         ,"active"
"BDI"  ,"Burundi"                             ,"https://upload.wikimedia.org/wikipedia/commons/5/50/Flag_of_Burundi.svg"                                                              ,"active"
"CAM"  ,"Cambodia"                            ,"https://upload.wikimedia.org/wikipedia/commons/8/83/Flag_of_Cambodia.svg"                                                             ,"active"
"CMR"  ,"Cameroon"                            ,"https://upload.wikimedia.org/wikipedia/commons/4/4f/Flag_of_Cameroon.svg"                                                             ,"active"
"CAN"  ,"Canada"                              ,"https://upload.wikimedia.org/wikipedia/commons/d/d9/Flag_of_Canada_%28Pantone%29.svg"                                                 ,"active"
"CPV"  ,"Cape Verde"                          ,"https://upload.wikimedia.org/wikipedia/commons/3/38/Flag_of_Cape_Verde.svg"                                                           ,"active"
"CAY"  ,"Cayman Islands"                      ,"https://upload.wikimedia.org/wikipedia/commons/0/0f/Flag_of_the_Cayman_Islands.svg"                                                   ,"active"
"CAF"  ,"Central African Republic"            ,"https://upload.wikimedia.org/wikipedia/commons/6/6f/Flag_of_the_Central_African_Republic.svg"                                         ,"active"
"CHA"  ,"Chad"                                ,"https://upload.wikimedia.org/wikipedia/commons/4/4b/Flag_of_Chad.svg"                                                                 ,"active"
"CHI"  ,"Chile"                               ,"https://upload.wikimedia.org/wikipedia/commons/7/78/Flag_of_Chile.svg"                                                                ,"active"
"CHN"  ,"China"                               ,"https://upload.wikimedia.org/wikipedia/commons/f/fa/Flag_of_the_People%27s_Republic_of_China.svg"                                     ,"active"
"TPE"  ,"Chinese Taipei"                      ,"https://upload.wikimedia.org/wikipedia/commons/1/14/Flag_of_Chinese_Taipei_for_Olympic_games.svg"                                     ,"active"
"COL"  ,"Colombia"                            ,"https://upload.wikimedia.org/wikipedia/commons/2/21/Flag_of_Colombia.svg"                                                             ,"active"
"COM"  ,"Comoros"                             ,"https://upload.wikimedia.org/wikipedia/commons/9/94/Flag_of_the_Comoros.svg"                                                          ,"active"
"COK"  ,"Cook Islands"                        ,"https://upload.wikimedia.org/wikipedia/commons/3/35/Flag_of_the_Cook_Islands.svg"                                                     ,"active"
"CRC"  ,"Costa Rica"                          ,"https://upload.wikimedia.org/wikipedia/commons/f/f2/Flag_of_Costa_Rica.svg"                                                           ,"active"
"CRO"  ,"Croatia"                             ,"https://upload.wikimedia.org/wikipedia/commons/1/1b/Flag_of_Croatia.svg"                                                              ,"active"
"CUB"  ,"Cuba"                                ,"https://upload.wikimedia.org/wikipedia/commons/b/bd/Flag_of_Cuba.svg"                                                                 ,"active"
"CYP"  ,"Cyprus"                              ,"https://upload.wikimedia.org/wikipedia/commons/d/d4/Flag_of_Cyprus.svg"                                                               ,"active"
"CZE"  ,"Czech Republic"                      ,"https://upload.wikimedia.org/wikipedia/commons/c/cb/Flag_of_the_Czech_Republic.svg"                                                   ,"active"
"COD"  ,"Democratic Republic of the Congo"    ,"https://upload.wikimedia.org/wikipedia/commons/6/6f/Flag_of_the_Democratic_Republic_of_the_Congo.svg"                                 ,"active"
"DEN"  ,"Denmark"                             ,"https://upload.wikimedia.org/wikipedia/commons/9/9c/Flag_of_Denmark.svg"                                                              ,"active"
"DJI"  ,"Djibouti"                            ,"https://upload.wikimedia.org/wikipedia/commons/3/34/Flag_of_Djibouti.svg"                                                             ,"active"
"DMA"  ,"Dominica"                            ,"https://upload.wikimedia.org/wikipedia/commons/c/c4/Flag_of_Dominica.svg"                                                             ,"active"
"DOM"  ,"Dominican Republic"                  ,"https://upload.wikimedia.org/wikipedia/commons/9/9f/Flag_of_the_Dominican_Republic.svg"                                               ,"active"
"ECU"  ,"Ecuador"                             ,"https://upload.wikimedia.org/wikipedia/commons/e/e8/Flag_of_Ecuador.svg"                                                              ,"active"
"EGY"  ,"Egypt"                               ,"https://upload.wikimedia.org/wikipedia/commons/f/fe/Flag_of_Egypt.svg"                                                                ,"active"
"ESA"  ,"El Salvador"                         ,"https://upload.wikimedia.org/wikipedia/commons/3/34/Flag_of_El_Salvador.svg"                                                          ,"active"
"GEQ"  ,"Equatorial Guinea"                   ,"https://upload.wikimedia.org/wikipedia/commons/3/31/Flag_of_Equatorial_Guinea.svg"                                                    ,"active"
"ERI"  ,"Eritrea"                             ,"https://upload.wikimedia.org/wikipedia/commons/2/29/Flag_of_Eritrea.svg"                                                              ,"active"
"EST"  ,"Estonia"                             ,"https://upload.wikimedia.org/wikipedia/commons/8/8f/Flag_of_Estonia.svg"                                                              ,"active"
"SWZ"  ,"Eswatini"                            ,"https://upload.wikimedia.org/wikipedia/commons/f/fb/Flag_of_Eswatini.svg"                                                             ,"active"
"ETH"  ,"Ethiopia"                            ,"https://upload.wikimedia.org/wikipedia/commons/7/71/Flag_of_Ethiopia.svg"                                                             ,"active"
"FSM"  ,"Federated States of Micronesia"      ,"https://upload.wikimedia.org/wikipedia/commons/e/e4/Flag_of_the_Federated_States_of_Micronesia.svg"                                   ,"active"
"FIJ"  ,"Fiji"                                ,"https://upload.wikimedia.org/wikipedia/commons/b/ba/Flag_of_Fiji.svg"                                                                 ,"active"
"FIN"  ,"Finland"                             ,"https://upload.wikimedia.org/wikipedia/commons/b/bc/Flag_of_Finland.svg"                                                              ,"active"
"FRA"  ,"France"                              ,"https://upload.wikimedia.org/wikipedia/en/thumb/c/c3/Flag_of_France.svg/320px-Flag_of_France.svg.png"                                 ,"active"
"FRO"  ,"The Faroe Islands"                   ,"https://upload.wikimedia.org/wikipedia/commons/3/3c/Flag_of_the_Faroe_Islands.svg"                                                    ,"active"
"GAB"  ,"Gabon"                               ,"https://upload.wikimedia.org/wikipedia/commons/0/04/Flag_of_Gabon.svg"                                                                ,"active"
"GEO"  ,"Georgia"                             ,"https://upload.wikimedia.org/wikipedia/commons/0/0f/Flag_of_Georgia.svg"                                                              ,"active"
"GER"  ,"Germany"                             ,"https://upload.wikimedia.org/wikipedia/en/thumb/b/ba/Flag_of_Germany.svg/320px-Flag_of_Germany.svg.png"                               ,"active"
"GHA"  ,"Ghana"                               ,"https://upload.wikimedia.org/wikipedia/commons/1/19/Flag_of_Ghana.svg"                                                                ,"active"
"GBR"  ,"Great Britain"                       ,"https://upload.wikimedia.org/wikipedia/en/thumb/a/ae/Flag_of_the_United_Kingdom.svg/320px-Flag_of_the_United_Kingdom.svg.png"         ,"active"
"GRE"  ,"Greece"                              ,"https://upload.wikimedia.org/wikipedia/commons/5/5c/Flag_of_Greece.svg"                                                               ,"active"
"GRN"  ,"Grenada"                             ,"https://upload.wikimedia.org/wikipedia/commons/b/bc/Flag_of_Grenada.svg"                                                              ,"active"
"GUM"  ,"Guam"                                ,"https://upload.wikimedia.org/wikipedia/commons/0/07/Flag_of_Guam.svg"                                                                 ,"active"
"GUA"  ,"Guatemala"                           ,"https://upload.wikimedia.org/wikipedia/commons/e/ec/Flag_of_Guatemala.svg"                                                            ,"active"
"GUI"  ,"Guinea"                              ,"https://upload.wikimedia.org/wikipedia/commons/e/ed/Flag_of_Guinea.svg"                                                               ,"active"
"GBS"  ,"Guinea-Bissau"                       ,"https://upload.wikimedia.org/wikipedia/commons/0/01/Flag_of_Guinea-Bissau.svg"                                                        ,"active"
"GUY"  ,"Guyana"                              ,"https://upload.wikimedia.org/wikipedia/commons/9/99/Flag_of_Guyana.svg"                                                               ,"active"
"HAI"  ,"Haiti"                               ,"https://upload.wikimedia.org/wikipedia/commons/5/56/Flag_of_Haiti.svg"                                                                ,"active"
"HON"  ,"Honduras"                            ,"https://upload.wikimedia.org/wikipedia/commons/8/82/Flag_of_Honduras.svg"                                                             ,"active"
"HKG"  ,"Hong Kong"                           ,"https://upload.wikimedia.org/wikipedia/commons/5/5b/Flag_of_Hong_Kong.svg"                                                            ,"active"
"HUN"  ,"Hungary"                             ,"https://upload.wikimedia.org/wikipedia/commons/c/c1/Flag_of_Hungary.svg"                                                              ,"active"
"ISL"  ,"Iceland"                             ,"https://upload.wikimedia.org/wikipedia/commons/c/ce/Flag_of_Iceland.svg"                                                              ,"active"
"IND"  ,"India"                               ,"https://upload.wikimedia.org/wikipedia/en/thumb/4/41/Flag_of_India.svg/320px-Flag_of_India.svg.png"                                   ,"active"
"INA"  ,"Indonesia"                           ,"https://upload.wikimedia.org/wikipedia/commons/9/9f/Flag_of_Indonesia.svg"                                                            ,"active"
"IRI"  ,"Iran"                                ,"https://upload.wikimedia.org/wikipedia/commons/c/ca/Flag_of_Iran.svg"                                                                 ,"active"
"IRQ"  ,"Iraq"                                ,"https://upload.wikimedia.org/wikipedia/commons/f/f6/Flag_of_Iraq.svg"                                                                 ,"active"
"IRL"  ,"Ireland"                             ,"https://upload.wikimedia.org/wikipedia/commons/4/45/Flag_of_Ireland.svg"                                                              ,"active"
"ISR"  ,"Israel"                              ,"https://upload.wikimedia.org/wikipedia/commons/d/d4/Flag_of_Israel.svg"                                                               ,"active"
"ITA"  ,"Italy"                               ,"https://upload.wikimedia.org/wikipedia/en/thumb/0/03/Flag_of_Italy.svg/320px-Flag_of_Italy.svg.png"                                   ,"active"
"CIV"  ,"Ivory Coast"                         ,"https://upload.wikimedia.org/wikipedia/commons/f/fe/Flag_of_C%C3%B4te_d%27Ivoire.svg"                                                 ,"active"
"JAM"  ,"Jamaica"                             ,"https://upload.wikimedia.org/wikipedia/commons/0/0a/Flag_of_Jamaica.svg"                                                              ,"active"
"JPN"  ,"Japan"                               ,"https://upload.wikimedia.org/wikipedia/en/thumb/9/9e/Flag_of_Japan.svg/320px-Flag_of_Japan.svg.png"                                   ,"active"
"JOR"  ,"Jordan"                              ,"https://upload.wikimedia.org/wikipedia/commons/c/c0/Flag_of_Jordan.svg"                                                               ,"active"
"KAZ"  ,"Kazakhstan"                          ,"https://upload.wikimedia.org/wikipedia/commons/d/d3/Flag_of_Kazakhstan.svg"                                                           ,"active"
"KEN"  ,"Kenya"                               ,"https://upload.wikimedia.org/wikipedia/commons/4/49/Flag_of_Kenya.svg"                                                                ,"active"
"KIR"  ,"Kiribati"                            ,"https://upload.wikimedia.org/wikipedia/commons/d/d3/Flag_of_Kiribati.svg"                                                             ,"active"
"KOS"  ,"Kosovo"                              ,"https://upload.wikimedia.org/wikipedia/commons/1/1f/Flag_of_Kosovo.svg"                                                               ,"active"
"KUW"  ,"Kuwait"                              ,"https://upload.wikimedia.org/wikipedia/commons/a/aa/Flag_of_Kuwait.svg"                                                               ,"active"
"KGZ"  ,"Kyrgyzstan"                          ,"https://upload.wikimedia.org/wikipedia/commons/c/c7/Flag_of_Kyrgyzstan.svg"                                                           ,"active"
"LAO"  ,"Laos"                                ,"https://upload.wikimedia.org/wikipedia/commons/5/56/Flag_of_Laos.svg"                                                                 ,"active"
"LAT"  ,"Latvia"                              ,"https://upload.wikimedia.org/wikipedia/commons/8/84/Flag_of_Latvia.svg"                                                               ,"active"
"LBN"  ,"Lebanon"                             ,"https://upload.wikimedia.org/wikipedia/commons/5/59/Flag_of_Lebanon.svg"                                                              ,"active"
"LES"  ,"Lesotho"                             ,"https://upload.wikimedia.org/wikipedia/commons/4/4a/Flag_of_Lesotho.svg"                                                              ,"active"
"LBR"  ,"Liberia"                             ,"https://upload.wikimedia.org/wikipedia/commons/b/b8/Flag_of_Liberia.svg"                                                              ,"active"
"LBA"  ,"Libya"                               ,"https://upload.wikimedia.org/wikipedia/commons/0/05/Flag_of_Libya.svg"                                                                ,"active"
"LIE"  ,"Liechtenstein"                       ,"https://upload.wikimedia.org/wikipedia/commons/4/47/Flag_of_Liechtenstein.svg"                                                        ,"active"
"LTU"  ,"Lithuania"                           ,"https://upload.wikimedia.org/wikipedia/commons/1/11/Flag_of_Lithuania.svg"                                                            ,"active"
"LUX"  ,"Luxembourg"                          ,"https://upload.wikimedia.org/wikipedia/commons/d/da/Flag_of_Luxembourg.svg"                                                           ,"active"
"MAC"  ,"MAcau"                               ,"https://upload.wikimedia.org/wikipedia/commons/6/63/Flag_of_Macau.svg"                                                                ,"active"
"MAD"  ,"Madagascar"                          ,"https://upload.wikimedia.org/wikipedia/commons/b/bc/Flag_of_Madagascar.svg"                                                           ,"active"
"MAW"  ,"Malawi"                              ,"https://upload.wikimedia.org/wikipedia/commons/d/d1/Flag_of_Malawi.svg"                                                               ,"active"
"MAS"  ,"Malaysia"                            ,"https://upload.wikimedia.org/wikipedia/commons/6/66/Flag_of_Malaysia.svg"                                                             ,"active"
"MDV"  ,"Maldives"                            ,"https://upload.wikimedia.org/wikipedia/commons/0/0f/Flag_of_Maldives.svg"                                                             ,"active"
"MLI"  ,"Mali"                                ,"https://upload.wikimedia.org/wikipedia/commons/9/92/Flag_of_Mali.svg"                                                                 ,"active"
"MLT"  ,"Malta"                               ,"https://upload.wikimedia.org/wikipedia/commons/7/73/Flag_of_Malta.svg"                                                                ,"active"
"MHL"  ,"Marshall Islands"                    ,"https://upload.wikimedia.org/wikipedia/commons/2/2e/Flag_of_the_Marshall_Islands.svg"                                                 ,"active"
"MTN"  ,"Mauritania"                          ,"https://upload.wikimedia.org/wikipedia/commons/4/43/Flag_of_Mauritania.svg"                                                           ,"active"
"MRI"  ,"Mauritius"                           ,"https://upload.wikimedia.org/wikipedia/commons/7/77/Flag_of_Mauritius.svg"                                                            ,"active"
"MEX"  ,"Mexico"                              ,"https://upload.wikimedia.org/wikipedia/commons/f/fc/Flag_of_Mexico.svg"                                                               ,"active"
"MDA"  ,"Moldova"                             ,"https://upload.wikimedia.org/wikipedia/commons/2/27/Flag_of_Moldova.svg"                                                              ,"active"
"MON"  ,"Monaco"                              ,"https://upload.wikimedia.org/wikipedia/commons/e/ea/Flag_of_Monaco.svg"                                                               ,"active"
"MGL"  ,"Mongolia"                            ,"https://upload.wikimedia.org/wikipedia/commons/4/4c/Flag_of_Mongolia.svg"                                                             ,"active"
"MNE"  ,"Montenegro"                          ,"https://upload.wikimedia.org/wikipedia/commons/6/64/Flag_of_Montenegro.svg"                                                           ,"active"
"MAR"  ,"Morocco"                             ,"https://upload.wikimedia.org/wikipedia/commons/2/2c/Flag_of_Morocco.svg"                                                              ,"active"
"MOZ"  ,"Mozambique"                          ,"https://upload.wikimedia.org/wikipedia/commons/d/d0/Flag_of_Mozambique.svg"                                                           ,"active"
"MYA"  ,"Myanmar"                             ,"https://upload.wikimedia.org/wikipedia/commons/8/8c/Flag_of_Myanmar.svg"                                                              ,"active"
"NAM"  ,"Namibia"                             ,"https://upload.wikimedia.org/wikipedia/commons/0/00/Flag_of_Namibia.svg"                                                              ,"active"
"NRU"  ,"Nauru"                               ,"https://upload.wikimedia.org/wikipedia/commons/3/30/Flag_of_Nauru.svg"                                                                ,"active"
"NEP"  ,"Nepal"                               ,"https://upload.wikimedia.org/wikipedia/commons/9/9b/Flag_of_Nepal.svg"                                                                ,"active"
"NED"  ,"Netherlands"                         ,"https://upload.wikimedia.org/wikipedia/commons/2/20/Flag_of_the_Netherlands.svg"                                                      ,"active"
"NZL"  ,"New Zealand"                         ,"https://upload.wikimedia.org/wikipedia/commons/3/3e/Flag_of_New_Zealand.svg"                                                          ,"active"
"NCA"  ,"Nicaragua"                           ,"https://upload.wikimedia.org/wikipedia/commons/1/19/Flag_of_Nicaragua.svg"                                                            ,"active"
"NIG"  ,"Niger"                               ,"https://upload.wikimedia.org/wikipedia/commons/f/f4/Flag_of_Niger.svg"                                                                ,"active"
"NGR"  ,"Nigeria"                             ,"https://upload.wikimedia.org/wikipedia/commons/7/79/Flag_of_Nigeria.svg"                                                              ,"active"
"PRK"  ,"North Korea"                         ,"https://upload.wikimedia.org/wikipedia/commons/5/51/Flag_of_North_Korea.svg"                                                          ,"active"
"MKD"  ,"North Macedonia"                     ,"https://upload.wikimedia.org/wikipedia/commons/7/79/Flag_of_North_Macedonia.svg"                                                      ,"active"
"NOR"  ,"Norway"                              ,"https://upload.wikimedia.org/wikipedia/commons/d/d9/Flag_of_Norway.svg"                                                               ,"active"
"OMA"  ,"Oman"                                ,"https://upload.wikimedia.org/wikipedia/commons/d/dd/Flag_of_Oman.svg"                                                                 ,"active"
"PAK"  ,"Pakistan"                            ,"https://upload.wikimedia.org/wikipedia/commons/3/32/Flag_of_Pakistan.svg"                                                             ,"active"
"PLW"  ,"Palau"                               ,"https://upload.wikimedia.org/wikipedia/commons/4/48/Flag_of_Palau.svg"                                                                ,"active"
"PLE"  ,"Palestine"                           ,"https://upload.wikimedia.org/wikipedia/commons/0/00/Flag_of_Palestine.svg"                                                            ,"active"
"PAN"  ,"Panama"                              ,"https://upload.wikimedia.org/wikipedia/commons/a/ab/Flag_of_Panama.svg"                                                               ,"active"
"PNG"  ,"Papua New Guinea"                    ,"https://upload.wikimedia.org/wikipedia/commons/e/e3/Flag_of_Papua_New_Guinea.svg"                                                     ,"active"
"PAR"  ,"Paraguay"                            ,"https://upload.wikimedia.org/wikipedia/commons/2/27/Flag_of_Paraguay.svg"                                                             ,"active"
"PER"  ,"Peru"                                ,"https://upload.wikimedia.org/wikipedia/commons/c/cf/Flag_of_Peru.svg"                                                                 ,"active"
"PHI"  ,"Philippines"                         ,"https://upload.wikimedia.org/wikipedia/commons/9/99/Flag_of_the_Philippines.svg"                                                      ,"active"
"POL"  ,"Poland"                              ,"https://upload.wikimedia.org/wikipedia/en/thumb/1/12/Flag_of_Poland.svg/320px-Flag_of_Poland.svg.png"                                 ,"active"
"POR"  ,"Portugal"                            ,"https://upload.wikimedia.org/wikipedia/commons/5/5c/Flag_of_Portugal.svg"                                                             ,"active"
"PUR"  ,"Puerto Rico"                         ,"https://upload.wikimedia.org/wikipedia/commons/2/28/Flag_of_Puerto_Rico.svg"                                                          ,"active"
"QAT"  ,"Qatar"                               ,"https://upload.wikimedia.org/wikipedia/commons/6/65/Flag_of_Qatar.svg"                                                                ,"active"
"CGO"  ,"Republic of the Congo"               ,"https://upload.wikimedia.org/wikipedia/commons/9/92/Flag_of_the_Republic_of_the_Congo.svg"                                            ,"active"
"ROU"  ,"Romania"                             ,"https://upload.wikimedia.org/wikipedia/commons/7/73/Flag_of_Romania.svg"                                                              ,"active"
"RUS"  ,"Russia"                              ,"https://upload.wikimedia.org/wikipedia/en/thumb/f/f3/Flag_of_Russia.svg/320px-Flag_of_Russia.svg.png"                                 ,"active"
"RWA"  ,"Rwanda"                              ,"https://upload.wikimedia.org/wikipedia/commons/1/17/Flag_of_Rwanda.svg"                                                               ,"active"
"SKN"  ,"Saint Kitts and Nevis"               ,"https://upload.wikimedia.org/wikipedia/commons/f/fe/Flag_of_Saint_Kitts_and_Nevis.svg"                                                ,"active"
"LCA"  ,"Saint Lucia"                         ,"https://upload.wikimedia.org/wikipedia/commons/9/9f/Flag_of_Saint_Lucia.svg"                                                          ,"active"
"VIN"  ,"Saint Vincent and the Grenadines"    ,"https://upload.wikimedia.org/wikipedia/commons/6/6d/Flag_of_Saint_Vincent_and_the_Grenadines.svg"                                     ,"active"
"SAM"  ,"Samoa"                               ,"https://upload.wikimedia.org/wikipedia/commons/3/31/Flag_of_Samoa.svg"                                                                ,"active"
"SMR"  ,"San Marino"                          ,"https://upload.wikimedia.org/wikipedia/commons/b/b1/Flag_of_San_Marino.svg"                                                           ,"active"
"KSA"  ,"Saudi Arabia"                        ,"https://upload.wikimedia.org/wikipedia/commons/0/0d/Flag_of_Saudi_Arabia.svg"                                                         ,"active"
"SEN"  ,"Senegal"                             ,"https://upload.wikimedia.org/wikipedia/commons/f/fd/Flag_of_Senegal.svg"                                                              ,"active"
"SRB"  ,"Serbia"                              ,"https://upload.wikimedia.org/wikipedia/commons/f/ff/Flag_of_Serbia.svg"                                                               ,"active"
"SEY"  ,"Seychelles"                          ,"https://upload.wikimedia.org/wikipedia/commons/f/fc/Flag_of_Seychelles.svg"                                                           ,"active"
"SLE"  ,"Sierra Leone"                        ,"https://upload.wikimedia.org/wikipedia/commons/1/17/Flag_of_Sierra_Leone.svg"                                                         ,"active"
"SGP"  ,"Singapore"                           ,"https://upload.wikimedia.org/wikipedia/commons/4/48/Flag_of_Singapore.svg"                                                            ,"active"
"SVK"  ,"Slovakia"                            ,"https://upload.wikimedia.org/wikipedia/commons/e/e6/Flag_of_Slovakia.svg"                                                             ,"active"
"SLO"  ,"Slovenia"                            ,"https://upload.wikimedia.org/wikipedia/commons/f/f0/Flag_of_Slovenia.svg"                                                             ,"active"
"SOL"  ,"Solomon Islands"                     ,"https://upload.wikimedia.org/wikipedia/commons/7/74/Flag_of_the_Solomon_Islands.svg"                                                  ,"active"
"SOM"  ,"Somalia"                             ,"https://upload.wikimedia.org/wikipedia/commons/a/a0/Flag_of_Somalia.svg"                                                              ,"active"
"RSA"  ,"South Africa"                        ,"https://upload.wikimedia.org/wikipedia/commons/a/af/Flag_of_South_Africa.svg"                                                         ,"active"
"KOR"  ,"South Korea"                         ,"https://upload.wikimedia.org/wikipedia/commons/0/09/Flag_of_South_Korea.svg"                                                          ,"active"
"SSD"  ,"South Sudan"                         ,"https://upload.wikimedia.org/wikipedia/commons/7/7a/Flag_of_South_Sudan.svg"                                                          ,"active"
"ESP"  ,"Spain"                               ,"https://upload.wikimedia.org/wikipedia/en/thumb/9/9a/Flag_of_Spain.svg/320px-Flag_of_Spain.svg.png"                                   ,"active"
"SRI"  ,"Sri Lanka"                           ,"https://upload.wikimedia.org/wikipedia/commons/1/11/Flag_of_Sri_Lanka.svg"                                                            ,"active"
"SUD"  ,"Sudan"                               ,"https://upload.wikimedia.org/wikipedia/commons/0/01/Flag_of_Sudan.svg"                                                                ,"active"
"SUR"  ,"Suriname"                            ,"https://upload.wikimedia.org/wikipedia/commons/6/60/Flag_of_Suriname.svg"                                                             ,"active"
"SWE"  ,"Sweden"                              ,"https://upload.wikimedia.org/wikipedia/en/thumb/4/4c/Flag_of_Sweden.svg/320px-Flag_of_Sweden.svg.png"                                 ,"active"
"SUI"  ,"Switzerland"                         ,"https://upload.wikimedia.org/wikipedia/commons/f/f3/Flag_of_Switzerland.svg"                                                          ,"active"
"SYR"  ,"Syria"                               ,"https://upload.wikimedia.org/wikipedia/commons/5/53/Flag_of_Syria.svg"                                                                ,"active"
"STP"  ,"São Tomé and Príncipe"               ,"https://upload.wikimedia.org/wikipedia/commons/4/4f/Flag_of_Sao_Tome_and_Principe.svg"                                                ,"active"
"TJK"  ,"Tajikistan"                          ,"https://upload.wikimedia.org/wikipedia/commons/d/d0/Flag_of_Tajikistan.svg"                                                           ,"active"
"TAN"  ,"Tanzania"                            ,"https://upload.wikimedia.org/wikipedia/commons/3/38/Flag_of_Tanzania.svg"                                                             ,"active"
"THA"  ,"Thailand"                            ,"https://upload.wikimedia.org/wikipedia/commons/a/a9/Flag_of_Thailand.svg"                                                             ,"active"
"GAM"  ,"The Gambia"                          ,"https://upload.wikimedia.org/wikipedia/commons/7/77/Flag_of_The_Gambia.svg"                                                           ,"active"
"TLS"  ,"Timor-Leste"                         ,"https://upload.wikimedia.org/wikipedia/commons/2/26/Flag_of_East_Timor.svg"                                                           ,"active"
"TOG"  ,"Togo"                                ,"https://upload.wikimedia.org/wikipedia/commons/6/68/Flag_of_Togo.svg"                                                                 ,"active"
"TGA"  ,"Tonga"                               ,"https://upload.wikimedia.org/wikipedia/commons/9/9a/Flag_of_Tonga.svg"                                                                ,"active"
"TTO"  ,"Trinidad and Tobago"                 ,"https://upload.wikimedia.org/wikipedia/commons/6/64/Flag_of_Trinidad_and_Tobago.svg"                                                  ,"active"
"TUN"  ,"Tunisia"                             ,"https://upload.wikimedia.org/wikipedia/commons/c/ce/Flag_of_Tunisia.svg"                                                              ,"active"
"TUR"  ,"Turkey"                              ,"https://upload.wikimedia.org/wikipedia/commons/b/b4/Flag_of_Turkey.svg"                                                               ,"active"
"TKM"  ,"Turkmenistan"                        ,"https://upload.wikimedia.org/wikipedia/commons/1/1b/Flag_of_Turkmenistan.svg"                                                         ,"active"
"TUV"  ,"Tuvalu"                              ,"https://upload.wikimedia.org/wikipedia/commons/3/38/Flag_of_Tuvalu.svg"                                                               ,"active"
"UGA"  ,"Uganda"                              ,"https://upload.wikimedia.org/wikipedia/commons/4/4e/Flag_of_Uganda.svg"                                                               ,"active"
"UKR"  ,"Ukraine"                             ,"https://upload.wikimedia.org/wikipedia/commons/4/49/Flag_of_Ukraine.svg"                                                              ,"active"
"UAE"  ,"United Arab Emirates"                ,"https://upload.wikimedia.org/wikipedia/commons/c/cb/Flag_of_the_United_Arab_Emirates.svg"                                             ,"active"
"USA"  ,"United States"                       ,"https://upload.wikimedia.org/wikipedia/en/thumb/a/a4/Flag_of_the_United_States.svg/320px-Flag_of_the_United_States.svg.png"           ,"active"
"URU"  ,"Uruguay"                             ,"https://upload.wikimedia.org/wikipedia/commons/f/fe/Flag_of_Uruguay.svg"                                                              ,"active"
"UZB"  ,"Uzbekistan"                          ,"https://upload.wikimedia.org/wikipedia/commons/8/84/Flag_of_Uzbekistan.svg"                                                           ,"active"
"VAN"  ,"Vanuatu"                             ,"https://upload.wikimedia.org/wikipedia/commons/b/bc/Flag_of_Vanuatu.svg"                                                              ,"active"
"VEN"  ,"Venezuela"                           ,"https://upload.wikimedia.org/wikipedia/commons/0/06/Flag_of_Venezuela.svg"                                                            ,"active"
"VIE"  ,"Vietnam"                             ,"https://upload.wikimedia.org/wikipedia/commons/2/21/Flag_of_Vietnam.svg"                                                              ,"active"
"ISV"  ,"Virgin Islands"                      ,"https://upload.wikimedia.org/wikipedia/commons/f/f8/Flag_of_the_United_States_Virgin_Islands.svg"                                     ,"active"
"YEM"  ,"Yemen"                               ,"https://upload.wikimedia.org/wikipedia/commons/8/89/Flag_of_Yemen.svg"                                                                ,"active"
"ZAM"  ,"Zambia"                              ,"https://upload.wikimedia.org/wikipedia/commons/0/06/Flag_of_Zambia.svg"                                                               ,"active"
"ZIM"  ,"Zimbabwe"                            ,"https://upload.wikimedia.org/wikipedia/commons/6/6a/Flag_of_Zimbabwe.svg"                                                             ,"active"
"IOC"  ,"Athletes from Kuwait"                ,"https://upload.wikimedia.org/wikipedia/commons/a/a7/Olympic_flag.svg"                                                                 ,"special"
"HNL"  ,"Haudenosaunee"                       ,"https://upload.wikimedia.org/wikipedia/commons/7/77/Flag_of_the_Iroquois_Confederacy.svg"                                             ,"special"
"IOA"  ,"Independent Olympic Athletes"        ,"https://upload.wikimedia.org/wikipedia/commons/a/a7/Olympic_flag.svg"                                                                 ,"special"
"IPA"  ,"Independent Paralympic Athletes"     ,"https://upload.wikimedia.org/wikipedia/commons/a/a7/Olympic_flag.svg"                                                                 ,"special"
"IPP"  ,"Independent Paralympic Participants" ,"https://upload.wikimedia.org/wikipedia/commons/f/f8/Paralympic_flag_%281988-1994%29.svg"                                              ,"special"
"IOP"  ,"Independent Olympic Participants"    ,"https://upload.wikimedia.org/wikipedia/commons/a/a7/Olympic_flag.svg"                                                                 ,"special"
"AIN"  ,"Individual Neutral Athletes"         ,"https://upload.wikimedia.org/wikipedia/commons/0/0c/Flag_of_the_Individual_Neutral_Athletes_at_the_2024_Summer_Olympics.svg"          ,"special"
"COR"  ,"Korea"                               ,"https://upload.wikimedia.org/wikipedia/commons/2/21/Unification_flag_of_Korea_%28pre_2006%29.svg"                                     ,"special"
"ZZX"  ,"Mixed team"                          ,"https://upload.wikimedia.org/wikipedia/commons/a/a7/Olympic_flag.svg"                                                                 ,"special"
"XXB"  ,"Mixed team"                          ,"https://upload.wikimedia.org/wikipedia/commons/a/a7/Olympic_flag.svg"                                                                 ,"special"
"MIX"  ,"Mixed-NOCs"                          ,"https://upload.wikimedia.org/wikipedia/commons/a/a7/Olympic_flag.svg"                                                                 ,"special"
"NPA"  ,"Neutral Paralympic Athletes"         ,"https://upload.wikimedia.org/wikipedia/commons/7/7f/Paralympic_flag_%282019%29.svg"                                                   ,"special"
"OAR"  ,"Olympic Athletes from Russia"        ,"https://upload.wikimedia.org/wikipedia/commons/a/a7/Olympic_flag.svg"                                                                 ,"special"
"PNA"  ,"Paralympic Athletes"                 ,"https://upload.wikimedia.org/wikipedia/commons/7/7f/Paralympic_flag_%282019%29.svg"                                                   ,"special"
"ROC2" ,"Russian Olympic Committee"           ,"https://upload.wikimedia.org/wikipedia/commons/0/02/Russian_Olympic_Committee_flag.png"                                               ,"special"
"RPC"  ,"Russian Paralympic Committee"        ,"https://upload.wikimedia.org/wikipedia/commons/f/f6/Russian_Paralympic_Committee_special_emblem_%28Tokyo_2020%2C_Beijing_2022%29.jpg" ,"special"
"EOR"  ,"Refugee Olympic Team"                ,"https://upload.wikimedia.org/wikipedia/commons/a/a7/Olympic_flag.svg"                                                                 ,"special"
"ROT"  ,"Refugee Olympic Team"                ,"https://upload.wikimedia.org/wikipedia/commons/a/a7/Olympic_flag.svg"                                                                 ,"special"
"RPT"  ,"Refugee Paralympic Team"             ,"https://upload.wikimedia.org/wikipedia/commons/7/7f/Paralympic_flag_%282019%29.svg"                                                   ,"special"
"ANZ"  ,"Australasia"                         ,"https://upload.wikimedia.org/wikipedia/commons/5/51/Flag_of_Australasian_team_for_Olympic_games.svg"                                  ,"historic"
"BOH"  ,"Bohemia"                             ,"https://upload.wikimedia.org/wikipedia/commons/b/b1/Flag_of_Bohemia.svg"                                                              ,"historic"
"BWI"  ,"British West Indies"                 ,"https://upload.wikimedia.org/wikipedia/commons/1/15/Flag_of_the_West_Indies_Federation_%281958%E2%80%931962%29.svg"                   ,"historic"
"TCH"  ,"Czechoslovakia"                      ,"https://upload.wikimedia.org/wikipedia/commons/c/cb/Flag_of_the_Czech_Republic.svg"                                                   ,"historic"
"GDR"  ,"East Germany"                        ,"https://upload.wikimedia.org/wikipedia/commons/a/a1/Flag_of_East_Germany.svg"                                                         ,"historic"
"MAL"  ,"Malaya"                              ,"https://upload.wikimedia.org/wikipedia/commons/4/4c/Flag_of_Malaya.svg"                                                               ,"historic"
"AHO"  ,"Netherlands Antilles"                ,"https://upload.wikimedia.org/wikipedia/commons/a/ae/Flag_of_the_Netherlands_Antilles_%281986%E2%80%932010%29.svg"                     ,"historic"
"NBO"  ,"North Borneo"                        ,"https://upload.wikimedia.org/wikipedia/commons/3/3a/Flag_of_North_Borneo_%281948%E2%80%931963%29.svg"                                 ,"historic"
"YAR"  ,"North Yemen"                         ,"https://upload.wikimedia.org/wikipedia/commons/f/f6/Flag_of_North_Yemen.svg"                                                          ,"historic"
"ROC"  ,"Republic of China"                   ,"https://upload.wikimedia.org/wikipedia/commons/7/72/Flag_of_the_Republic_of_China.svg"                                                ,"historic"
"RHO"  ,"Rhodesia"                            ,"https://upload.wikimedia.org/wikipedia/commons/0/02/Flag_of_Rhodesia_%281968%E2%80%931979%29.svg"                                     ,"historic"
"RU1"  ,"Russian Empire"                      ,"https://upload.wikimedia.org/wikipedia/en/thumb/f/f3/Flag_of_Russia.svg/320px-Flag_of_Russia.svg.png"                                 ,"historic"
"SAA"  ,"Saar"                                ,"https://upload.wikimedia.org/wikipedia/commons/2/2b/Flag_of_Saar_%281947%E2%80%931956%29.svg"                                         ,"historic"
"SCG"  ,"Serbia and Montenegro"               ,"https://upload.wikimedia.org/wikipedia/commons/3/3e/Flag_of_Serbia_and_Montenegro_%281992%E2%80%932006%29.svg"                        ,"historic"
"VNM"  ,"South Vietnam"                       ,"https://upload.wikimedia.org/wikipedia/commons/e/e9/Flag_of_South_Vietnam.svg"                                                        ,"historic"
"YMD"  ,"South Yemen"                         ,"https://upload.wikimedia.org/wikipedia/commons/d/db/Flag_of_South_Yemen.svg"                                                          ,"historic"
"URS"  ,"Soviet Union"                        ,"https://upload.wikimedia.org/wikipedia/commons/a/a9/Flag_of_the_Soviet_Union.svg"                                                     ,"historic"
"EUN"  ,"Unified Team"                        ,"https://upload.wikimedia.org/wikipedia/commons/a/a7/Olympic_flag.svg"                                                                 ,"historic"
"UAR"  ,"United Arab Republic"                ,"https://upload.wikimedia.org/wikipedia/commons/5/5f/Flag_of_the_United_Arab_Republic_%281958%E2%80%931971%29.svg"                     ,"historic"
"EUA"  ,"United Team of Germany"              ,"https://upload.wikimedia.org/wikipedia/commons/9/9a/German_Olympic_flag_%281959-1968%29.svg"                                          ,"historic"
"FRG"  ,"West Germany"                        ,"https://upload.wikimedia.org/wikipedia/en/thumb/b/ba/Flag_of_Germany.svg/320px-Flag_of_Germany.svg.png"                               ,"historic"
"YUG"  ,"Yugoslavia"                          ,"https://upload.wikimedia.org/wikipedia/commons/6/61/Flag_of_Yugoslavia_%281946-1992%29.svg"                                           ,"historic"
