1896_athens_olympics, Cycling at the 1896 Summer Olympics
1896_athens_olympics, Gymnastics at the 1896 Summer Olympics
1900_paris_olympics, Angling at the 1900 Summer Olympics
1900_paris_olympics, Ballooning at the 1900 Summer Olympics
1900_paris_olympics, Basque pelota at the 1900 Summer Olympics
1900_paris_olympics, Boules at the 1900 Summer Olympics
1900_paris_olympics, Cannon shooting at the 1900 Summer Olympics
1900_paris_olympics, Cycling at the 1900 Summer Olympics
1900_paris_olympics, Equestrian events at the 1900 Summer Olympics
1900_paris_olympics, Fire fighting at the 1900 Summer Olympics
1900_paris_olympics, Gymnastics at the 1900 Summer Olympics
1900_paris_olympics, Kite flying at the 1900 Summer Olympics
1900_paris_olympics, Longue paume at the 1900 Summer Olympics
1900_paris_olympics, Military exercise at the 1900 Summer Olympics
1900_paris_olympics, Motor racing at the 1900 Summer Olympics
1900_paris_olympics, Motorcycle racing at the Summer Olympics
1900_paris_olympics, Pigeon racing at the 1900 Summer Olympics
1900_paris_olympics, Rugby union at the 1900 Summer Olympics
1900_paris_olympics, Water motorsports at the 1900 Summer Olympics
1904_st-louis_olympics, Cycling at the 1904 Summer Olympics
1904_st-louis_olympics, Gaelic football at the 1904 Summer Olympics
1904_st-louis_olympics, Gymnastics at the 1904 Summer Olympics
1904_st-louis_olympics, Hurling at the 1904 Summer Olympics
1904_st-louis_olympics, Roque at the 1904 Summer Olympics
1908_london_olympics, Cycle polo at the 1908 Summer Olympics
1908_london_olympics, Cycling at the 1908 Summer Olympics
1908_london_olympics, Field hockey at the 1908 Summer Olympics
1908_london_olympics, Gymnastics at the 1908 Summer Olympics
1908_london_olympics, Jeu de paume at the 1908 Summer Olympics
1908_london_olympics, Rugby union at the 1908 Summer Olympics
1908_london_olympics, Water motorsports at the 1908 Summer Olympics
1912_stockholm_olympics, Art competitions at the 1912 Summer Olympics
1912_stockholm_olympics, Cycling at the 1912 Summer Olympics
1912_stockholm_olympics, Equestrian events at the 1912 Summer Olympics
1912_stockholm_olympics, Glima at the 1912 Summer Olympics
1912_stockholm_olympics, Gymnastics at the 1912 Summer Olympics
1920_antwerp_olympics, Art competitions at the 1920 Summer Olympics
1920_antwerp_olympics, Cycling at the 1920 Summer Olympics
1920_antwerp_olympics, Equestrian events at the 1920 Summer Olympics
1920_antwerp_olympics, Field hockey at the 1920 Summer Olympics
1920_antwerp_olympics, Gymnastics at the 1920 Summer Olympics
1920_antwerp_olympics, Rugby union at the 1920 Summer Olympics
1924_paris_olympics, Art competitions at the 1924 Summer Olympics
1924_paris_olympics, Basque pelota at the 1924 Summer Olympics
1924_paris_olympics, Canoeing at the 1924 Summer Olympics
1924_paris_olympics, Cycling at the 1924 Summer Olympics
1924_paris_olympics, Equestrian events at the 1924 Summer Olympics
1924_paris_olympics, Gymnastics at the 1924 Summer Olympics
1924_paris_olympics, Rugby union at the 1924 Summer Olympics
1924_paris_olympics, Savate at the 1924 Summer Olympics
1928_amsterdam_olympics, Art competitions at the 1928 Summer Olympics
1928_amsterdam_olympics, Cycling at the 1928 Summer Olympics
1928_amsterdam_olympics, Equestrian events at the 1928 Summer Olympics
1928_amsterdam_olympics, Field hockey at the 1928 Summer Olympics
1928_amsterdam_olympics, Gymnastics at the 1928 Summer Olympics
1928_amsterdam_olympics, Kaatsen at the 1928 Summer Olympics
1932_los-angeles_olympics, Art competitions at the 1932 Summer Olympics
1932_los-angeles_olympics, Cycling at the 1932 Summer Olympics
1932_los-angeles_olympics, Equestrian events at the 1932 Summer Olympics
1932_los-angeles_olympics, Field hockey at the 1932 Summer Olympics
1932_los-angeles_olympics, Gymnastics at the 1932 Summer Olympics
1936_berlin_olympics, Art competitions at the 1936 Summer Olympics
1936_berlin_olympics, Canoeing at the 1936 Summer Olympics
1936_berlin_olympics, Cycling at the 1936 Summer Olympics
1936_berlin_olympics, Equestrian events at the 1936 Summer Olympics
1936_berlin_olympics, Field hockey at the 1936 Summer Olympics
1936_berlin_olympics, Gliding at the 1936 Summer Olympics
1936_berlin_olympics, Gymnastics at the 1936 Summer Olympics
1948_london_olympics, Art competitions at the 1948 Summer Olympics
1948_london_olympics, Canoeing at the 1948 Summer Olympics
1948_london_olympics, Cycling at the 1948 Summer Olympics
1948_london_olympics, Equestrian events at the 1948 Summer Olympics
1948_london_olympics, Field hockey at the 1948 Summer Olympics
1948_london_olympics, Gymnastics at the 1948 Summer Olympics
1952_helsinki_olympics, Canoeing at the 1952 Summer Olympics
1952_helsinki_olympics, Cycling at the 1952 Summer Olympics
1952_helsinki_olympics, Equestrian events at the 1952 Summer Olympics
1952_helsinki_olympics, Field hockey at the 1952 Summer Olympics
1952_helsinki_olympics, Gymnastics at the 1952 Summer Olympics
1952_helsinki_olympics, Pesäpallo at the 1952 Summer Olympics
1956_melbourne_olympics, Association football at the 1956 Summer Olympics
1956_melbourne_olympics, Australian football at the 1956 Summer Olympics
1956_melbourne_olympics, Canoeing at the 1956 Summer Olympics
1956_melbourne_olympics, Cycling at the 1956 Summer Olympics
1956_melbourne_olympics, Equestrian events at the 1956 Summer Olympics
1956_melbourne_olympics, Field hockey at the 1956 Summer Olympics
1956_melbourne_olympics, Gymnastics at the 1956 Summer Olympics
1960_rome_olympics, Canoeing at the 1960 Summer Olympics
1960_rome_olympics, Cycling at the 1960 Summer Olympics
1960_rome_olympics, Equestrian events at the 1960 Summer Olympics
1960_rome_olympics, Field hockey at the 1960 Summer Olympics
1960_rome_olympics, Gymnastics at the 1960 Summer Olympics
1964_tokyo_olympics, Budo at the 1964 Summer Olympics
1964_tokyo_olympics, Canoeing at the 1964 Summer Olympics
1964_tokyo_olympics, Cycling at the 1964 Summer Olympics
1964_tokyo_olympics, Equestrian events at the 1964 Summer Olympics
1964_tokyo_olympics, Field hockey at the 1964 Summer Olympics
1964_tokyo_olympics, Gymnastics at the 1964 Summer Olympics
1968_mexico-city_olympics, Basque pelota at the 1968 Summer Olympics
1968_mexico-city_olympics, Canoeing at the 1968 Summer Olympics
1968_mexico-city_olympics, Cycling at the 1968 Summer Olympics
1968_mexico-city_olympics, Equestrian events at the 1968 Summer Olympics
1968_mexico-city_olympics, Field hockey at the 1968 Summer Olympics
1968_mexico-city_olympics, Gymnastics at the 1968 Summer Olympics
1972_munich_olympics, Canoeing at the 1972 Summer Olympics
1972_munich_olympics, Cycling at the 1972 Summer Olympics
1972_munich_olympics, Equestrian events at the 1972 Summer Olympics
1972_munich_olympics, Field hockey at the 1972 Summer Olympics
1972_munich_olympics, Gymnastics at the 1972 Summer Olympics
1972_munich_olympics, Water skiing at the 1972 Summer Olympics
1976_montreal_olympics, Canoeing at the 1976 Summer Olympics
1976_montreal_olympics, Cycling at the 1976 Summer Olympics
1976_montreal_olympics, Equestrian events at the 1976 Summer Olympics
1976_montreal_olympics, Field hockey at the 1976 Summer Olympics
1976_montreal_olympics, Gymnastics at the 1976 Summer Olympics
1980_moscow_olympics, Canoeing at the 1980 Summer Olympics
1980_moscow_olympics, Cycling at the 1980 Summer Olympics
1980_moscow_olympics, Equestrian events at the 1980 Summer Olympics
1980_moscow_olympics, Field hockey at the 1980 Summer Olympics
1980_moscow_olympics, Gymnastics at the 1980 Summer Olympics
1984_los-angeles_olympics, Canoeing at the 1984 Summer Olympics
1984_los-angeles_olympics, Cycling at the 1984 Summer Olympics
1984_los-angeles_olympics, Equestrian events at the 1984 Summer Olympics
1984_los-angeles_olympics, Field hockey at the 1984 Summer Olympics
1984_los-angeles_olympics, Gymnastics at the 1984 Summer Olympics
1984_los-angeles_olympics, Synchronized swimming at the 1984 Summer Olympics
1988_seoul_olympics, Bowling at the 1988 Summer Olympics
1988_seoul_olympics, Canoeing at the 1988 Summer Olympics
1988_seoul_olympics, Cycling at the 1988 Summer Olympics
1988_seoul_olympics, Equestrian events at the 1988 Summer Olympics
1988_seoul_olympics, Field hockey at the 1988 Summer Olympics
1988_seoul_olympics, Gymnastics at the 1988 Summer Olympics
1988_seoul_olympics, Synchronized swimming at the 1988 Summer Olympics
1992_barcelona_olympics, Basque pelota at the 1992 Summer Olympics
1992_barcelona_olympics, Canoeing at the 1992 Summer Olympics
1992_barcelona_olympics, Cycling at the 1992 Summer Olympics
1992_barcelona_olympics, Equestrian events at the 1992 Summer Olympics
1992_barcelona_olympics, Field hockey at the 1992 Summer Olympics
1992_barcelona_olympics, Gymnastics at the 1992 Summer Olympics
1992_barcelona_olympics, Roller hockey at the 1992 Summer Olympics
1992_barcelona_olympics, Synchronized swimming at the 1992 Summer Olympics
1996_atlanta_olympics, Canoeing at the 1996 Summer Olympics
1996_atlanta_olympics, Cycling at the 1996 Summer Olympics
1996_atlanta_olympics, Equestrian events at the 1996 Summer Olympics
1996_atlanta_olympics, Field hockey at the 1996 Summer Olympics
1996_atlanta_olympics, Gymnastics at the 1996 Summer Olympics
1996_atlanta_olympics, Synchronized swimming at the 1996 Summer Olympics
2000_sydney_olympics, Canoeing at the 2000 Summer Olympics
2000_sydney_olympics, Cycling at the 2000 Summer Olympics
2000_sydney_olympics, Equestrian events at the 2000 Summer Olympics
2000_sydney_olympics, Field hockey at the 2000 Summer Olympics
2000_sydney_olympics, Gymnastics at the 2000 Summer Olympics
2000_sydney_olympics, Synchronized swimming at the 2000 Summer Olympics
2004_athens_olympics, Canoeing at the 2004 Summer Olympics
2004_athens_olympics, Cycling at the 2004 Summer Olympics
2004_athens_olympics, Equestrian events at the 2004 Summer Olympics
2004_athens_olympics, Field hockey at the 2004 Summer Olympics
2004_athens_olympics, Gymnastics at the 2004 Summer Olympics
2004_athens_olympics, Synchronized swimming at the 2004 Summer Olympics
2008_beijing_olympics, Canoeing at the 2008 Summer Olympics
2008_beijing_olympics, Cycling at the 2008 Summer Olympics
2008_beijing_olympics, Equestrian events at the 2008 Summer Olympics
2008_beijing_olympics, Field hockey at the 2008 Summer Olympics
2008_beijing_olympics, Gymnastics at the 2008 Summer Olympics
2008_beijing_olympics, Synchronized swimming at the 2008 Summer Olympics
2012_london_olympics, Canoeing at the 2012 Summer Olympics
2012_london_olympics, Cycling at the 2012 Summer Olympics
2012_london_olympics, Equestrian events at the 2012 Summer Olympics
2012_london_olympics, Field hockey at the 2012 Summer Olympics
2012_london_olympics, Gymnastics at the 2012 Summer Olympics
2012_london_olympics, Synchronized swimming at the 2012 Summer Olympics
2016_rio-de-janeiro_olympics, Canoeing at the 2016 Summer Olympics
2016_rio-de-janeiro_olympics, Cycling at the 2016 Summer Olympics
2016_rio-de-janeiro_olympics, Equestrian events at the 2016 Summer Olympics
2016_rio-de-janeiro_olympics, Field hockey at the 2016 Summer Olympics
2016_rio-de-janeiro_olympics, Gymnastics at the 2016 Summer Olympics
2016_rio-de-janeiro_olympics, Synchronized swimming at the 2016 Summer Olympics
2020_tokyo_olympics, Canoeing at the 2020 Summer Olympics
2020_tokyo_olympics, Cycling at the 2020 Summer Olympics
2020_tokyo_olympics, Equestrian events at the 2020 Summer Olympics
2020_tokyo_olympics, Field hockey at the 2020 Summer Olympics
2020_tokyo_olympics, Gymnastics at the 2020 Summer Olympics
2024_paris_olympics, Canoeing at the 2024 Summer Olympics
2024_paris_olympics, Cycling at the 2024 Summer Olympics
2024_paris_olympics, Equestrian events at the 2024 Summer Olympics
2024_paris_olympics, Field hockey at the 2024 Summer Olympics
2024_paris_olympics, Gymnastics at the 2024 Summer Olympics
1924_chamonix_olympics, Military patrol at the 1924 Winter Olympics
1928_st-moritz_olympics, Military patrol at the 1928 Winter Olympics
1928_st-moritz_olympics, Skijoring at the 1928 Winter Olympics
1932_lake-placid_olympics, Sled dog racing at the 1932 Winter Olympics
1936_garmisch=partenkirchen_olympics, Military patrol at the 1936 Winter Olympics
1948_st-moritz_olympics, Military patrol at the 1948 Winter Olympics
1948_st-moritz_olympics, Winter pentathlon at the 1948 Winter Olympics
1984_sarajevo_olympics, Disabled skiing at the 1984 Winter Olympics
1988_calgary_olympics, Disabled skiing at the 1988 Winter Olympics
1998_nagano_olympics, Snowboarding at the 1998 Winter Olympics
2002_salt-lake_olympics, Snowboarding at the 2002 Winter Olympics
2006_torino_olympics, Snowboarding at the 2006 Winter Olympics
2010_vancouver_olympics, Snowboarding at the 2010 Winter Olympics
2014_sochi_olympics, Snowboarding at the 2014 Winter Olympics
2018_pyeongchang_olympics, Snowboarding at the 2018 Winter Olympics
2022_beijing_olympics, Snowboarding at the 2022 Winter Olympics
2010_singapore_youth, Canoeing at the 2010 Summer Youth Olympics
2010_singapore_youth, Cycling at the 2010 Summer Youth Olympics
2010_singapore_youth, Field hockey at the 2010 Summer Youth Olympics
2010_singapore_youth, Gymnastics at the 2010 Summer Youth Olympics
2014_nanjing_youth, Canoeing at the 2014 Summer Youth Olympics
2014_nanjing_youth, Cycling at the 2014 Summer Youth Olympics
2014_nanjing_youth, Field hockey at the 2014 Summer Youth Olympics
2014_nanjing_youth, Gymnastics at the 2014 Summer Youth Olympics
2018_buenos-aires_youth, Canoeing at the 2018 Summer Youth Olympics
2018_buenos-aires_youth, Cycling at the 2018 Summer Youth Olympics
2018_buenos-aires_youth, Field hockey at the 2018 Summer Youth Olympics
2018_buenos-aires_youth, Gymnastics at the 2018 Summer Youth Olympics
2018_buenos-aires_youth, Roller speed skating at the 2018 Summer Youth Olympics
2012_innsbruck_youth, Mixed sports at the 2012 Winter Youth Olympics – Cross-country / Biathlon mixed relay
2012_innsbruck_youth, Snowboarding at the 2012 Winter Youth Olympics
2016_lillehammer_youth, Snowboarding at the 2016 Winter Youth Olympics
2020_lausanne_youth, Snowboarding at the 2020 Winter Youth Olympics
2024_gangwon_youth, Snowboarding at the 2024 Winter Youth Olympics
1960_rome_paralympics, Dartchery at the 1960 Summer Paralympics
1960_rome_paralympics, Snooker at the 1960 Summer Paralympics
1964_tokyo_paralympics, Dartchery at the 1964 Summer Paralympics
1964_tokyo_paralympics, Snooker at the 1964 Summer Paralympics
1968_tel-aviv_paralympics, Dartchery at the 1968 Summer Paralympics
1968_tel-aviv_paralympics, Snooker at the 1968 Summer Paralympics
1972_heidelberg_paralympics, Dartchery at the 1972 Summer Paralympics
1972_heidelberg_paralympics, Snooker at the 1972 Summer Paralympics
1976_toronto_paralympics, Dartchery at the 1976 Summer Paralympics
1976_toronto_paralympics, Snooker at the 1976 Summer Paralympics
1980_arnhem_paralympics, Dartchery at the 1980 Summer Paralympics
1984_new-york+stoke-mandeville_paralympics, Cycling at the 1984 Summer Paralympics
1984_new-york+stoke-mandeville_paralympics, Equestrian events at the 1984 Summer Paralympics
1984_new-york+stoke-mandeville_paralympics, Football 7-a-side at the 1984 Summer Paralympics
1984_new-york+stoke-mandeville_paralympics, Powerlifting at the 1984 Summer Paralympics
1984_new-york+stoke-mandeville_paralympics, Snooker at the 1984 Summer Paralympics
1988_seoul_paralympics, Cycling at the 1988 Summer Paralympics
1988_seoul_paralympics, Football 7-a-side at the 1988 Summer Paralympics
1988_seoul_paralympics, Powerlifting at the 1988 Summer Paralympics
1988_seoul_paralympics, Snooker at the 1988 Summer Paralympics
1992_barcelona+madrid_paralympics, Cycling at the 1992 Summer Paralympics
1992_barcelona+madrid_paralympics, Football 7-a-side at the 1992 Summer Paralympics
1992_barcelona+madrid_paralympics, Powerlifting at the 1992 Summer Paralympics
1996_atlanta_paralympics, Cycling at the 1996 Summer Paralympics
1996_atlanta_paralympics, Equestrian events at the 1996 Summer Paralympics
1996_atlanta_paralympics, Football 7-a-side at the 1996 Summer Paralympics
1996_atlanta_paralympics, Powerlifting at the 1996 Summer Paralympics
2000_sydney_paralympics, Basketball ID at the 2000 Summer Paralympics
2000_sydney_paralympics, Cycling at the 2000 Summer Paralympics
2000_sydney_paralympics, Equestrian events at the 2000 Summer Paralympics
2000_sydney_paralympics, Football 7-a-side at the 2000 Summer Paralympics
2000_sydney_paralympics, Powerlifting at the 2000 Summer Paralympics
2004_athens_paralympics, Cycling at the 2004 Summer Paralympics
2004_athens_paralympics, Equestrian events at the 2004 Summer Paralympics
2004_athens_paralympics, Football 5-a-side at the 2004 Summer Paralympics
2004_athens_paralympics, Football 7-a-side at the 2004 Summer Paralympics
2004_athens_paralympics, Powerlifting at the 2004 Summer Paralympics
2008_beijing_paralympics, Cycling at the 2008 Summer Paralympics
2008_beijing_paralympics, Equestrian events at the 2008 Summer Paralympics
2008_beijing_paralympics, Football 5-a-side at the 2008 Summer Paralympics
2008_beijing_paralympics, Football 7-a-side at the 2008 Summer Paralympics
2008_beijing_paralympics, Powerlifting at the 2008 Summer Paralympics
2012_london_paralympics, Cycling at the 2012 Summer Paralympics
2012_london_paralympics, Equestrian events at the 2012 Summer Paralympics
2012_london_paralympics, Football 5-a-side at the 2012 Summer Paralympics
2012_london_paralympics, Football 7-a-side at the 2012 Summer Paralympics
2012_london_paralympics, Powerlifting at the 2012 Summer Paralympics
2016_rio-de-janeiro_paralympics, Cycling at the 2016 Summer Paralympics
2016_rio-de-janeiro_paralympics, Equestrian events at the 2016 Summer Paralympics
2016_rio-de-janeiro_paralympics, Football 5-a-side at the 2016 Summer Paralympics
2016_rio-de-janeiro_paralympics, Football 7-a-side at the 2016 Summer Paralympics
2016_rio-de-janeiro_paralympics, Paracanoeing at the 2016 Summer Paralympics
2016_rio-de-janeiro_paralympics, Powerlifting at the 2016 Summer Paralympics
2020_tokyo_paralympics, Cycling at the 2020 Summer Paralympics
2020_tokyo_paralympics, Equestrian events at the 2020 Summer Paralympics
2020_tokyo_paralympics, Football 5-a-side at the 2020 Summer Paralympics
2020_tokyo_paralympics, Paracanoeing at the 2020 Summer Paralympics
2020_tokyo_paralympics, Powerlifting at the 2020 Summer Paralympics
2024_paris_paralympics, Cycling at the 2024 Summer Paralympics
2024_paris_paralympics, Equestrian events at the 2024 Summer Paralympics
2024_paris_paralympics, Football 5-a-side at the 2024 Summer Paralympics
2024_paris_paralympics, Paracanoeing at the 2024 Summer Paralympics
2024_paris_paralympics, Powerlifting at the 2024 Summer Paralympics
1980_geilo_paralympics, Ice sledge speed racing at the 1980 Winter Paralympics
1984_innsbruck_paralympics, Ice sledge speed racing at the 1984 Winter Paralympics
1988_innsbruck_paralympics, Ice sledge speed racing at the 1988 Winter Paralympics
1994_lillehammer_paralympics, Ice sledge hockey at the 1994 Winter Paralympics
1994_lillehammer_paralympics, Ice sledge speed racing at the 1994 Winter Paralympics
1998_nagano_paralympics, Ice sledge hockey at the 1998 Winter Paralympics
1998_nagano_paralympics, Ice sledge speed racing at the 1998 Winter Paralympics
2002_salt-lake-city_paralympics, Ice sledge hockey at the 2002 Winter Paralympics
2006_turin_paralympics, Ice sledge hockey at the 2006 Winter Paralympics
2010_vancouver_paralympics, Ice sledge hockey at the 2010 Winter Paralympics
2014_sochi_paralympics, Ice sledge hockey at the 2014 Winter Paralympics
2018_pyeongchang_paralympics, Snowboarding at the 2018 Winter Paralympics
2022_beijing_paralympics, Snowboarding at the 2022 Winter Paralympics
